{
  "device": "mps",
  "run_cfg": {
    "train_duration_sec": 3600.0,
    "test_duration_sec": 1800.0,
    "step_sec": 1.0,
    "num_train_scenarios": 8,
    "num_test_seeds": 5,
    "aos_rate_pps": 300.0,
    "use_fallback_tle": true,
    "il_epochs": 60,
    "il_hidden_dim": 128,
    "dqn_epochs": 15
  },
  "summary_agg": {
    "Reactive": {
      "plr": {
        "mean": 0.0023323037108152105,
        "std": 0.0,
        "values": [
          0.0023323037108152105,
          0.0023323037108152105,
          0.0023323037108152105,
          0.0023323037108152105,
          0.0023323037108152105
        ]
      },
      "e2e_ms": {
        "mean": 6.072662764044536,
        "std": 0.0,
        "values": [
          6.072662764044536,
          6.072662764044536,
          6.072662764044536,
          6.072662764044536,
          6.072662764044536
        ]
      },
      "num_switches": {
        "mean": 3.0,
        "std": 0.0,
        "values": [
          3.0,
          3.0,
          3.0,
          3.0,
          3.0
        ]
      },
      "fragments_dropped_in_switch": {
        "mean": 175240.0,
        "std": 0.0,
        "values": [
          175240.0,
          175240.0,
          175240.0,
          175240.0,
          175240.0
        ]
      },
      "total_interrupt_sec": {
        "mean": 1.5,
        "std": 0.0,
        "values": [
          1.5,
          1.5,
          1.5,
          1.5,
          1.5
        ]
      },
      "gateway_usage_cv": {
        "mean": 1.1021775351971315,
        "std": 0.0,
        "values": [
          1.1021775351971315,
          1.1021775351971315,
          1.1021775351971315,
          1.1021775351971315,
          1.1021775351971315
        ]
      },
      "gossip_rounds": {
        "mean": 0.0,
        "std": 0.0,
        "values": [
          0.0,
          0.0,
          0.0,
          0.0,
          0.0
        ]
      },
      "gossip_evictions": {
        "mean": 0.0,
        "std": 0.0,
        "values": [
          0.0,
          0.0,
          0.0,
          0.0,
          0.0
        ]
      },
      "static_replicas_installed": {
        "mean": 0.0,
        "std": 0.0,
        "values": [
          0.0,
          0.0,
          0.0,
          0.0,
          0.0
        ]
      },
      "static_bytes_replicated": {
        "mean": 0.0,
        "std": 0.0,
        "values": [
          0.0,
          0.0,
          0.0,
          0.0,
          0.0
        ]
      }
    },
    "Max-Visibility": {
      "plr": {
        "mean": 0.0027521290346520875,
        "std": 0.0,
        "values": [
          0.0027521290346520875,
          0.0027521290346520875,
          0.0027521290346520875,
          0.0027521290346520875,
          0.0027521290346520875
        ]
      },
      "e2e_ms": {
        "mean": 7.82040087204051,
        "std": 8.881784197001252e-16,
        "values": [
          7.820400872040509,
          7.820400872040509,
          7.820400872040509,
          7.820400872040509,
          7.820400872040509
        ]
      },
      "num_switches": {
        "mean": 3.0,
        "std": 0.0,
        "values": [
          3.0,
          3.0,
          3.0,
          3.0,
          3.0
        ]
      },
      "fragments_dropped_in_switch": {
        "mean": 145279.0,
        "std": 0.0,
        "values": [
          145279.0,
          145279.0,
          145279.0,
          145279.0,
          145279.0
        ]
      },
      "total_interrupt_sec": {
        "mean": 1.5,
        "std": 0.0,
        "values": [
          1.5,
          1.5,
          1.5,
          1.5,
          1.5
        ]
      },
      "gateway_usage_cv": {
        "mean": 0.5171403546316011,
        "std": 0.0,
        "values": [
          0.5171403546316011,
          0.5171403546316011,
          0.5171403546316011,
          0.5171403546316011,
          0.5171403546316011
        ]
      },
      "gossip_rounds": {
        "mean": 0.0,
        "std": 0.0,
        "values": [
          0.0,
          0.0,
          0.0,
          0.0,
          0.0
        ]
      },
      "gossip_evictions": {
        "mean": 0.0,
        "std": 0.0,
        "values": [
          0.0,
          0.0,
          0.0,
          0.0,
          0.0
        ]
      },
      "static_replicas_installed": {
        "mean": 0.0,
        "std": 0.0,
        "values": [
          0.0,
          0.0,
          0.0,
          0.0,
          0.0
        ]
      },
      "static_bytes_replicated": {
        "mean": 0.0,
        "std": 0.0,
        "values": [
          0.0,
          0.0,
          0.0,
          0.0,
          0.0
        ]
      }
    },
    "MPTCP-style": {
      "plr": {
        "mean": 0.0638161798429107,
        "std": 0.014544506771476137,
        "values": [
          0.05875536643744539,
          0.05882044560943644,
          0.09261638110401477,
          0.05343680029445143,
          0.0554519057692055
        ]
      },
      "e2e_ms": {
        "mean": 8.596522066284376,
        "std": 0.3493216251604581,
        "values": [
          8.567828598064253,
          8.991073763327034,
          8.29003021062742,
          8.143793851630985,
          8.989883907772192
        ]
      },
      "num_switches": {
        "mean": 69.6,
        "std": 17.783138080777533,
        "values": [
          63.0,
          62.0,
          105.0,
          60.0,
          58.0
        ]
      },
      "fragments_dropped_in_switch": {
        "mean": 146853.4,
        "std": 3039.469335262325,
        "values": [
          148435.0,
          142935.0,
          149378.0,
          150072.0,
          143447.0
        ]
      },
      "total_interrupt_sec": {
        "mean": 34.8,
        "std": 8.891569040388767,
        "values": [
          31.5,
          31.0,
          52.5,
          30.0,
          29.0
        ]
      },
      "gateway_usage_cv": {
        "mean": 1.627626617700314,
        "std": 0.1665868972856716,
        "values": [
          1.5260490299659675,
          1.3963658741704659,
          1.6355420824199678,
          1.8952221194873589,
          1.6849539824578104
        ]
      },
      "gossip_rounds": {
        "mean": 0.0,
        "std": 0.0,
        "values": [
          0.0,
          0.0,
          0.0,
          0.0,
          0.0
        ]
      },
      "gossip_evictions": {
        "mean": 0.0,
        "std": 0.0,
        "values": [
          0.0,
          0.0,
          0.0,
          0.0,
          0.0
        ]
      },
      "static_replicas_installed": {
        "mean": 0.0,
        "std": 0.0,
        "values": [
          0.0,
          0.0,
          0.0,
          0.0,
          0.0
        ]
      },
      "static_bytes_replicated": {
        "mean": 0.0,
        "std": 0.0,
        "values": [
          0.0,
          0.0,
          0.0,
          0.0,
          0.0
        ]
      }
    },
    "Ours": {
      "plr": {
        "mean": 0.0,
        "std": 0.0,
        "values": [
          0.0,
          0.0,
          0.0,
          0.0,
          0.0
        ]
      },
      "e2e_ms": {
        "mean": 6.242147246052978,
        "std": 0.0,
        "values": [
          6.242147246052978,
          6.242147246052978,
          6.242147246052978,
          6.242147246052978,
          6.242147246052978
        ]
      },
      "num_switches": {
        "mean": 1.0,
        "std": 0.0,
        "values": [
          1.0,
          1.0,
          1.0,
          1.0,
          1.0
        ]
      },
      "fragments_dropped_in_switch": {
        "mean": 0.0,
        "std": 0.0,
        "values": [
          0.0,
          0.0,
          0.0,
          0.0,
          0.0
        ]
      },
      "total_interrupt_sec": {
        "mean": 0.0,
        "std": 0.0,
        "values": [
          0.0,
          0.0,
          0.0,
          0.0,
          0.0
        ]
      },
      "gateway_usage_cv": {
        "mean": 0.6437580793599285,
        "std": 0.0,